{
    "CA": [
        {
            "time": "9:00",
            "title": "Intro to 3D Modeling"
        },
        {
            "time": "10:00",
            "title": "Circuit Hacking"
        },
        {
            "time": "11:30",
            "title": "Arduino Antics"
        },
        {
            "time": "1:00",
            "title": "The Printed Lunch"
        },
        {
            "time": "2:00",
            "title": "Droning On"
        },
        {
            "time": "3:00",
            "title": "Brain Hacking"
        },
        {
            "time": "4:30",
            "title": "Make The Future"
        }
    ],
    "TX": [
        {
            "time": "9:00",
            "title": "Make The Future"
        },
        {
            "time": "10:00",
            "title": "Circuit Hacking"
        },
        {
            "time": "11:30",
            "title": "Brain Hacking"
        },
        {
            "time": "1:00",
            "title": "The Printed Lunch"
        },
        {
            "time": "2:00",
            "title": "Droning On"
        },
        {
            "time": "3:00",
            "title": "Intro to 3D Modeling"
        },
        {
            "time": "4:30",
            "title": "Arduino Antics"
        }
    ],
    "NY": [
        {
            "time": "9:00",
            "title": "Arduino Antics"
        },
        {
            "time": "10:00",
            "title": "Brain Hacking"
        },
        {
            "time": "11:30",
            "title": "Intro to 3D Modeling"
        },
        {
            "time": "1:00",
            "title": "The Printed Lunch"
        },
        {
            "time": "2:00",
            "title": "Droning On"
        },
        {
            "time": "3:00",
            "title": "Circuit Hacking"
        },
        {
            "time": "4:30",
            "title": "Make The Future"
        }
    ],
    "CH": [
        {
            "time": "9:00",
            "title": "Artifical Intelligence"
        },
        {
            "time": "4:30",
            "title": "AI Transportation"
        }
    ]
}